﻿{
  "mf_item_grid": {
    "type": "itemgrid",
    "h_alignment": "center",
    "v_alignment": "center",
    "item_margin": "1,2",
    "item_size": 40,
    "rows": [
      [ "charge_beam", "wide_beam", "wave_beam", "plasma_beam", "ice_beam" ],
      [ "morph_ball", "morph_ball_bombs", "powerbomb", "screw_attack", "lock_level" ],
      [ "speed_booster", "hijump_boots", "space_jump", "varia_suit", "gravity_suit" ],
      [ "etank", "missile", "super_missile", "ice_missile", "diffusion_missile" ]
    ]
  },
  "tracker_default": {
    "type": "container",
    "width": 250,
    "height": 200,
    "content": {
      "dropshadow": true,
      "margin": 1,
      "type": "layout",
      "key": "mf_item_grid"
    }
  }
}