[
  {
    "name": "Lock Level 1",
    "type": "toggle",
    "img": "images/LockLevel1.png",
    "initial_active_state": false,
    "codes": "l1"
  },
  {
    "name": "Lock Level 2",
    "type": "toggle",
    "img": "images/LockLevel2.png",
    "initial_active_state": false,
    "codes": "l2"
  },
  {
    "name": "Lock Level 3",
    "type": "toggle",
    "img": "images/LockLevel3.png",
    "initial_active_state": false,
    "codes": "l3"
  },
  {
    "name": "Lock Level 4",
    "type": "toggle",
    "img": "images/LockLevel4.png",
    "initial_active_state": false,
    "codes": "l4"
  }
]
