﻿{
  "type": "array",
  "background": "#212121",
  "margin": "10",
  "content": [
    {
      "type": "array",
      "dropshadow": true,
      "orientation": "vertical",
      "content": [
        {
          "type": "itemgrid",
          "h_alignment": "center",
          "item_margin": "1,2",
          "item_size": 60,
          "rows": [
            [ "charge_beam", "wide_beam", "wave_beam", "plasma_beam", "ice_beam" ],
            [ "morph_ball", "morph_ball_bombs", "powerbomb", "screw_attack", "lock_level" ],
            [ "speed_booster", "hijump_boots", "space_jump", "varia_suit", "gravity_suit" ],
            [ "etank", "missile", "super_missile", "ice_missile", "diffusion_missile" ]
          ]
        }
      ]
    }
  ]
}