﻿{
  "map_enabled": false,
  "auto_pin_capturing_locations": false,
  "auto_unpin_on_clear": true,
  "allow_resize": false,
  "layout_swap_left_right": false,
  "disabled_image_filter": "grayscale, dim",
  "layouts": {
    "shared_item_grid": {
      "type": "itemgrid",
      "h_alignment": "center",
      "item_margin": "3,5",
      "item_size": 40,
      "rows": [
        [ "charge_beam", "wide_beam", "wave_beam", "plasma_beam", "ice_beam" ],
        [ "morph_ball", "morph_ball_bombs", "powerbomb", "screw_attack", "lock_level" ],
        [ "speed_booster", "hijump_boots", "space_jump", "varia_suit", "gravity_suit" ],
        [ "etank", "missile", "super_missile", "ice_missile", "diffusion_missile" ]
      ]
    },
    "tracker_capture_item": {
      "type": "container",
      "content": {
        "type": "layout",
        "key": "shared_item_grid"
      }
    },
    "tracker_default": {
      "type": "container",
      "width": 280,
      "height": 220,
      "content": {
        "dropshadow": true,
        "margin": 5,
        "type": "layout",
        "key": "shared_item_grid"
      }
    }
  }
}
}
