[
  {
    "name": "Arachnus",
    "type": "toggle",
    "loop": "true",
    "img": "images/bosses/Arachnus.png",
    "codes": "arachnus"
  },
  {
    "name": "Torizo",
    "type": "toggle",
    "loop": "true",
    "img": "images/bosses/Torizo.png",
    "codes": "torizo"
  },
  {
    "name": "Zazabi",
    "type": "toggle",
    "loop": "true",
    "img": "images/bosses/Zazabi.png",
    "codes": "zazabi"
  },
  {
    "name": "Serris",
    "type": "toggle",
    "loop": "true",
    "img": "images/bosses/Serris.png",
    "codes": "serris"
  },
  {
    "name": "Big Core X",
    "type": "toggle",
    "loop": "true",
    "img": "images/bosses/Chungus.png",
    "codes": "chungus"
  },
  {
    "name": "Scientist X",
    "type": "toggle",
    "loop": "true",
    "img": "images/bosses/Science.png",
    "codes": "science"
  },
  {
    "name": "Yakuza",
    "type": "toggle",
    "loop": "true",
    "img": "images/bosses/Yakuza.png",
    "codes": "yakuza"
  },
  {
    "name": "Nettori",
    "type": "toggle",
    "loop": "true",
    "img": "images/bosses/Nettori.png",
    "codes": "nettori"
  },
  {
    "name": "Nightmare",
    "type": "toggle",
    "loop": "true",
    "img": "images/bosses/Nightmare.png",
    "codes": "nightmare"
  },
  {
    "name": "B.O.X.",
    "type": "toggle",
    "loop": "true",
    "img": "images/bosses/Box2.png",
    "codes": "box2"
  },
  {
    "name": "Ridley",
    "type": "toggle",
    "loop": "true",
    "img": "images/bosses/Ridley.png",
    "codes": "ridley"
  }
]