[
  {
    "name": "Charge Beam",
    "type": "toggle",
    "loop": "true",
    "img": "images/items/ChargeBeam.png",
    "codes": "charge_beam"
  },
  {
    "name": "Ice Beam",
    "type": "toggle",
    "loop": "true",
    "img": "images/items/IceBeam.png",
    "codes": "ice_beam"
  },
  {
    "name": "Wave Beam",
    "type": "toggle",
    "loop": "true",
    "img": "images/items/WaveBeam.png",
    "codes": "wave_beam"
  },
  {
    "name": "Wide Beam",
    "type": "toggle",
    "loop": "true",
    "img": "images/items/WideBeam.png",
    "codes": "wide_beam"
  },
  {
    "name": "Plasma Beam",
    "type": "toggle",
    "loop": "true",
    "img": "images/items/PlasmaBeam.png",
    "codes": "plasma_beam"
  },
  {
    "name": "Super Missile",
    "type": "toggle",
    "img": "images/items/SuperMissile.png",
    "codes": "super_missile"
  },
  {
    "name": "Ice Missile",
    "type": "toggle",
    "img": "images/items/IceMissile.png",
    "codes": "ice_missile"
  },
  {
    "name": "Diffusion Missile",
    "type": "toggle",
    "img": "images/items/DiffusionMissile.png",
    "codes": "diffusion_missile"
  },
  {
    "name": "Varia Suit",
    "type": "toggle",
    "loop": "true",
    "img": "images/items/VariaSuit.png",
    "codes": "varia_suit"
  },
  {
    "name": "Gravity Suit",
    "type": "toggle",
    "loop": "true",
    "img": "images/items/GravitySuit.png",
    "codes": "gravity_suit"
  },
  {
    "name": "Morph Ball",
    "type": "toggle",
    "loop": "true",
    "img": "images/items/MorphBall.png",
    "codes": "morph_ball"
  },
  {
    "name": "Morph Ball Bombs",
    "type": "toggle",
    "loop": "true",
    "img": "images/items/MorphBallBombs.png",
    "codes": "morph_ball_bombs"
  },
  {
    "name": "Screw Attack",
    "type": "toggle",
    "loop": "true",
    "img": "images/items/ScrewAttack.png",
    "codes": "screw_attack"
  },
  {
    "name": "High Jump",
    "type": "toggle",
    "loop": "true",
    "img": "images/items/HiJumpBoots.png",
    "codes": "hijump_boots"
  },
  {
    "name": "Space Jump",
    "type": "toggle",
    "loop": "true",
    "img": "images/items/SpaceJump.png",
    "codes": "space_jump"
  },
  {
    "name": "Speed Booster",
    "type": "toggle",
    "loop": "true",
    "img": "images/items/SpeedBooster.png",
    "codes": "speed_booster"
  },
  {
    "name": "Energy Tanks",
    "type": "consumable",
    "img": "images/items/EnergyTank.png",
    "max_quantity": 20,
    "codes": "etank,alltanks"
  },
  {
    "name": "Etank",
    "type": "toggle",
    "img": "images/items/EnergyTank.png",
    "codes": "etank_icon"
  },
  {
    "name": "Missile Capacity",
    "type": "consumable",
    "img": "images/items/MissileLauncher.png",
    "max_quantity": 250,
    "increment": 5,
    "codes": "missile"
  },
  {
    "name": "Missiles",
    "type": "toggle",
    "img": "images/items/MissileLauncher.png",
    "initial_active_state": false,
    "codes": "missile_icon"
  },
  {
    "name": "Power Bomb Capacity",
    "type": "consumable",
    "img": "images/items/PowerBombs.png",
    "max_quantity": 74,
    "increment": 2,
    "codes": "powerbomb,pb"
  },
  {
    "name": "Power Bombs",
    "type": "toggle",
    "img": "images/items/PowerBombs.png",
    "initial_active_state": false,
    "codes": "pb_icon"
  },
  {
    "name": "Missile Data",
    "type": "toggle",
    "loop": "true",
    "img": "images/items/DataMissile.png",
    "codes": "datam"
  },
  {
    "name": "Power Bomb Data",
    "type": "toggle",
    "loop": "true",
    "img": "images/items/DataPB.png",
    "codes": "datapb"
  }
]
